inf_source	genotype_label	mean_Z	x	gene	cell_type
0	C/C	1.12533948109066	0	RPS26	CD8
0	C/G	0.353234339763026	0	RPS26	CD8
0	G/G	-1.91674613080166	0	RPS26	CD8
1	C/C	1.25211816898298	1	RPS26	CD8
1	C/G	0.156729820589969	1	RPS26	CD8
1	G/G	-0.89419467074605	1	RPS26	CD8
0	C/C	-0.284007925952159	0	ADAM10	CD4
0	C/T	-0.082643181249432	0	ADAM10	CD4
0	T/T	0.40018407157918	0	ADAM10	CD4
1	C/C	-0.0752399785683042	1	ADAM10	CD4
1	C/T	1.16150146217949	1	ADAM10	CD4
1	T/T	2.22827018708751	1	ADAM10	CD4
