inf_sev	beta	slope_se	p_value	cell_type	gene_name	SNP
0	-1.83026177487288	0.389248152200748	0.0423757712430306	cMono	RPS26	rs1131017
1	-1.64269330957621	0.383532050662131	0.00784059522509962	cMono	RPS26	rs1131017
2	-0.909425777557441	0.204049061773234	0.0111870231780115	cMono	RPS26	rs1131017
3	-1.10701906474696	0.0836133026045814	2.6759805654752e-14	cMono	RPS26	rs1131017
4	-0.630292722668295	0.0223902018606022	0.00125953521758233	cMono	RPS26	rs1131017
0	-2.56593119788224	0.231711759136368	0.00805625395501358	NK	RPS26	rs1131017
1	-1.57437116621237	0.310672032973695	0.00387483931291452	NK	RPS26	rs1131017
2	-0.8271559233915	0.043906476022024	4.67521867534398e-05	NK	RPS26	rs1131017
3	-1.13387115020688	0.0997308856754426	1.37277992224918e-12	NK	RPS26	rs1131017
4	-0.6964897961069	0.696854103784479	0.422851005004297	NK	RPS26	rs1131017
